1701261128.974963426589966,2.870685296870819,-3.019250321803260,0.983182532536487
1701261129.074825763702393,0.290183098881163,0.940731334263550,-0.291789810303984
1701261129.174780130386353,-0.402177387557839,3.199724890190774,-1.474041892833868
1701261129.274833679199219,0.281100444762596,0.438520493787842,1.040668879858245
1701261129.374869108200073,-0.517920738840162,-0.548160115649160,-0.595576814699420
1701261129.474860668182373,-0.852583234193424,-0.536138486170488,-0.964849162739208
1701261129.574814319610596,0.111336763415562,0.029618808122662,0.031928166374941
1701261129.674802064895630,-0.220705065986885,-0.059822002392723,0.019885505204706
1701261129.774836063385010,-1.030621082474700,1.346534133171980,1.709316909717600
1701261129.874816656112671,-3.159393489327191,-2.658780640805170,-1.859009467275789
1701261129.974800109863281,-1.227386433025115,-0.782137570620442,0.550823660446246
1701261130.074836730957031,-3.541741834106048,-5.169314924706154,-0.961031419706385
1701261130.174985408782959,2.935544381319523,0.796674798915965,-0.150428922319102
1701261130.274787664413452,0.005032596185842,-3.054197562988995,0.993803202929768
1701261130.374782562255859,-1.375879749922419,-2.453656378010592,6.485422791263665
1701261130.474758863449097,-0.506932043839993,2.402900472188822,-0.131744489011550
1701261130.574818372726440,0.190965102447317,1.597594414084484,-0.891943936736853
1701261130.674852371215820,1.419633933932319,-1.933031968575721,0.227512030148577
1701261130.774829149246216,-0.948870039184973,-0.514115534348609,-1.369996512625816
1701261130.874812841415405,-0.034108163353728,-0.001688122859961,-0.027540756452055
1701261130.974785566329956,1.590380243141038,-1.379684179712494,2.749958172687336
1701261131.074813127517700,-0.333628677879623,-0.738700175682342,1.803994637633738
1701261131.174786329269409,0.040073044183514,0.124083358887213,-0.332276249684562
1701261131.274792909622192,-0.034819093389027,-0.147516071261638,0.328391545534824
1701261131.374825000762939,-0.419684158938796,0.087314675997904,-1.623685699944553
1701261131.474812030792236,-0.355215985391478,-0.243468656067202,0.222292049822091
1701261131.574810266494751,1.852213614177242,0.517606580570782,-0.010748117314965
1701261131.674821853637695,1.488969133851918,-5.279612271186974,1.587507143096477
1701261131.774784088134766,-0.009219127956078,0.182227687790692,0.345746095287572
1701261131.874762296676636,0.057430519834107,-0.263763553497376,0.818097308175947
1701261131.974871873855591,-2.870250714193104,-1.158969083695335,0.307030668913318
1701261132.074852943420410,3.676573499301652,0.389155053239346,-0.515401931511196
1701261132.174820661544800,-0.488757187869704,-1.445672858586243,-0.286902415563155
1701261132.274779796600342,1.127393688188435,-4.425490785572474,-3.384827842799843
1701261132.374814987182617,0.114438678469423,-0.009920754618650,-0.307018009659021
1701261132.474799394607544,0.679626909679792,-0.141345557561639,-0.054559026396941
1701261132.574810981750488,-0.273014198772758,0.822528796241892,0.000494855263353
1701261132.674848794937134,0.886798841666180,2.089563969232026,0.590694192038315
1701261132.774883985519409,1.526888720817024,0.137102112629820,0.352716411148324
1701261132.874814510345459,0.107043375186483,0.004608538696004,0.054225193134571
1701261132.974808454513550,-3.426242415176583,0.585311718754461,-0.734070977291956
1701261133.074779033660889,-0.737324394889456,-0.697037329613991,-0.446073911419336
1701261133.174861192703247,-0.744142052665933,2.415521895351890,-0.367915825477820
1701261133.274775743484497,0.061490811078424,-0.851906572285954,0.101395263656951
1701261133.374771833419800,1.638470120037005,3.299784220353870,0.759079285899198
1701261133.474776506423950,-0.205967027480551,0.076517181472688,0.032627770971010
1701261133.574822664260864,0.512181311090918,-0.703502365546234,-0.836619870907077
1701261133.674845933914185,3.119968769916249,1.449480126473206,-4.460797123447564
1701261133.774827241897583,-0.608940166343078,1.992295341837389,0.322710794580266
1701261133.874824047088623,0.306548634305429,0.104636228409935,0.145949758820478
1701261133.974769592285156,-0.221782092977948,-0.407330799773647,0.544921774731552
1701261134.074784994125366,0.030002958927925,0.007844407950379,-0.019795672923104
1701261134.174791812896729,0.257008711073705,-0.088918708692655,0.123224804999827
1701261134.274825811386108,0.571959707732073,-0.099326720301320,0.256894558098229
1701261134.374814033508301,-0.070332067641491,-0.796711651238260,0.378240162443111
1701261134.474814176559448,0.696874030763742,-0.394373254863592,0.448509395389689
1701261134.574815273284912,-2.001785800025618,2.966586617689541,-1.524737603569449
1701261134.674858331680298,-0.456486867330910,0.949837078222056,0.305571160610437
1701261134.774877071380615,2.626631642978372,3.111691586205043,-3.483371628029936
1701261134.874815940856934,-4.070751058132864,0.565920792347668,-1.037897780728584
1701261134.974818468093872,-0.621104320414938,-0.399398869141137,-0.350549758836927
1701261135.074804782867432,-0.707597257681439,0.337899205541584,0.003381591844252
1701261135.174778938293457,2.851822281973654,-4.172965021307513,1.799209806513284
1701261135.274776935577393,0.237136518528097,-1.276055437740455,-0.720745827066689
1701261135.374798774719238,-0.033097920584257,-1.090228381312575,-2.839799044159275
1701261135.474784135818481,-0.268446213725350,0.123294013046641,-0.149447315020187
1701261135.574820041656494,0.162265689129631,0.070784513833554,0.957266226834014
1701261135.674817323684692,0.006801096443236,-0.031767697181867,0.000196723570342
1701261135.774792671203613,-0.313547434223743,1.508559763572727,0.983583953408314
1701261135.874845504760742,-0.116660826638752,0.134889530950369,-0.227537536654098
1701261135.974863052368164,-0.087207964655375,-0.006647969527802,-0.321905793716108
1701261136.074765682220459,1.205781134111154,0.342229213804233,0.853798901763257
1701261136.174799203872681,1.129549118467428,0.639231258062136,-2.279674530996104
1701261136.274895429611206,-2.091012083405473,2.852454746098410,-1.427243052779354
1701261136.374781370162964,-1.104627023320683,-0.688949717473550,-1.371042791865287
1701261136.474856138229370,-2.598110518241630,1.745169413716106,0.615904067540233
1701261136.574815750122070,0.343505328637854,0.235531895191418,0.560097890900999
1701261136.674815177917480,-0.919974474610140,1.608666642424409,0.101970575842407
1701261136.774969816207886,-1.492274801232849,2.104204319541389,-0.200179108540912
1701261136.874809265136719,-3.115656368184017,1.057993783743484,1.927382722432879
1701261136.974809885025024,-1.136654458522259,0.667289850459860,2.215330057221073
1701261137.074832677841187,0.425447540329366,0.562522140560076,-1.068059920103069
1701261137.174786567687988,-0.610943828944779,-0.569008713331320,0.257026097696042
1701261137.274822235107422,0.112578924386298,-0.023376295288845,0.873370138979777
1701261137.374844074249268,-0.161655458866749,-0.178200518364726,-0.068963187533027
1701261137.474779129028320,2.748120287797262,-0.397581530466253,-0.252449354261512
1701261137.574818611145020,2.270823359613076,-1.017127237292591,3.904646280185263
1701261137.674793958663940,-1.302605908664789,-1.252310150218569,2.618453604483882
1701261137.774762868881226,-0.027394873449401,-0.829715054058618,-0.335910050617344
1701261137.874842166900635,-0.945695408426302,4.090920753581363,-1.028466362437321
1701261137.974870443344116,-0.979196135839618,-2.293625705030100,-0.600529556197033
1701261138.075096845626831,2.258726344490065,-3.775644260083066,-1.802746110407122
1701261138.174766302108765,2.675781196189195,-2.083664246950192,0.988488314495876
1701261138.274821519851685,0.900227008241633,-0.712066868794083,-1.228762042126046
1701261138.374820709228516,2.546539565295785,-1.381056529883681,-0.415333467950003
1701261138.474766969680786,0.379708403555178,-2.625287118482726,-2.859674972207976
1701261138.574765682220459,-0.373271326300157,-0.292293911586314,-0.440884936277998
1701261138.674784183502197,4.012369210337450,-2.742247179702989,1.794640017329748
1701261138.774833202362061,2.792912062976396,0.908283207096907,-1.761706486138436
1701261138.875252485275269,0.116636119347801,1.840781917723287,3.617096632225320
1701261138.974990129470825,-1.694045370264360,-0.061973857915685,-0.996393140267878
1701261139.074820280075073,-0.125934898769184,1.209192050263790,-0.785617195997837
1701261139.174801111221313,-0.827126618505177,2.344622166593174,-0.133705274326712
1701261139.274812459945679,0.113223684220356,0.023284193462216,0.015111829135248
1701261139.374810218811035,-0.955180276797501,0.451619378417261,-1.089195696430669
1701261139.474784851074219,-2.503543937166230,-3.444547434333238,2.001691562044692
1701261139.574830770492554,0.051467492630375,-5.645354341366182,-0.345430580795910
1701261139.674808025360107,3.108822674298853,-0.965858271382140,-2.411716020637373
1701261139.774790763854980,0.696414718057267,3.008893634563131,-3.597372081917035
1701261139.874807357788086,-2.538163788951327,0.533749578699383,1.706275823658124
1701261139.974813461303711,0.136032854679226,0.529041763017673,-0.485252776984249
1701261140.074862241744995,1.687029317243204,1.818605125268452,0.613853886661296
1701261140.174802064895630,0.457484855154033,0.687035330841450,2.258124519128442
1701261140.274769067764282,-2.762093685672330,-0.182935883199113,2.323585816090986
1701261140.374813079833984,0.907119256008809,0.683732642890019,-0.352330109038535
1701261140.474796772003174,0.295105330997808,2.083479472091905,-0.493816038823680
1701261140.574784994125366,-2.958948071124698,-2.292672081078374,4.008677106090293
1701261140.674762964248657,-0.936141131936137,4.860067423893332,-4.998995405172812
1701261140.774785280227661,0.157942402850035,1.047067482048071,-0.784737899709200
1701261140.874806404113770,-0.764099053818502,1.363627865881765,-0.708299293163463
1701261140.974774837493896,-0.831674180971457,0.513102489468010,0.063974052739148
1701261141.074819087982178,1.713560630583038,-0.615805679772304,0.562134522599094
1701261141.174810647964478,-4.363364300023261,0.203044275104993,-0.669975267603978
1701261141.274813890457153,-0.570617650535480,2.941389182805718,1.729984957233941
1701261141.374791622161865,4.334558179569496,2.665587815258365,-1.040479940419177
1701261141.474798917770386,0.244549723569125,0.149662369709563,0.009543957178211
1701261141.574816226959229,0.627135223441368,-0.785042622302815,1.003882266895953
1701261141.674820899963379,-3.418200468382699,-0.728940725427759,-2.017597788920904
1701261141.774849176406860,0.435869960978991,0.072685577662925,-0.301603258504060
1701261141.874845266342163,-0.961755258265795,-0.310844936639675,-0.568896435759021
1701261141.974826574325562,-0.129082896148523,-0.036257700709719,-0.251301084061277
1701261142.074775457382202,1.721875638163666,1.774299642849498,-1.568385736322779
1701261142.174787521362305,0.365648569964222,-0.629306351802401,-0.208222991617371
1701261142.274820327758789,-0.448534428829423,-0.452227797090998,0.189836540169313
1701261142.374849796295166,-0.472521809036491,0.237548865383254,-1.761241008226978
1701261142.474786758422852,-1.361690598947201,-1.217844115467617,0.041934949356501
1701261142.574799537658691,0.689625300183215,0.488930836587037,2.398787872848874
1701261142.674816846847534,1.465737589212856,-0.734991523288036,-1.354481152557950
1701261142.774784803390503,0.352611288270096,-0.447019958112383,0.300442572072339
1701261142.874803781509399,-0.132407999836314,-0.075892437700080,0.078579917622873
1701261142.974819898605347,-1.736824966660862,1.011082725028915,-3.608375318515261
1701261143.074784517288208,0.308936558839298,0.940527969234273,-0.607442890895938
1701261143.174858093261719,-3.790052320375752,3.023355678571098,0.197800608509345
1701261143.274815797805786,-1.635476007372365,2.979732071933716,-3.865501925553519
1701261143.374797821044922,-2.005004338696178,-0.350993755828025,0.589263256045978
1701261143.474788904190063,0.360973615916637,-2.139641549596939,1.082287660393089
1701261143.574859857559204,0.032191417906002,-0.157874360343605,-0.206590491418808
1701261143.675054311752319,-0.046463975097712,-0.057589013110048,0.040444609845035
1701261143.774876356124878,-1.260091697615059,0.937163809384614,2.208241347038181
1701261143.874872922897339,-0.309753874201074,0.257484872860231,0.513362699220655
1701261143.974830389022827,1.400060574045030,0.116905409878289,-1.296639744155143
1701261144.074791908264160,0.178850642810925,0.242003899633563,0.196970768142173
1701261144.174886941909790,-4.358894401515429,1.839440942797935,-4.316411138112074
1701261144.274849414825439,0.145011366774588,-0.032195043169224,0.737072544377847
1701261144.374813795089722,0.008950474667402,0.030069615847387,0.042945779749362
1701261144.474872589111328,0.342324422696419,-0.228718426937843,0.495018167513085
1701261144.574816942214966,0.180039950157139,1.588882747944817,0.177667066001064
1701261144.674849748611450,0.433079259513151,0.408557304995545,-0.028850449238479
1701261144.774820327758789,1.898998494740073,-3.061703361924403,-0.011744230036682
1701261144.874772071838379,-0.049183642549069,0.122165731987894,-0.058537617652691
1701261144.974814653396606,-2.947962888506233,-0.692507408579458,2.121119653194223
1701261145.074813842773438,-1.839911519145070,0.466834412338427,0.856299064708220
1701261145.174819231033325,1.103660571540612,0.241461642947352,2.196479354235612
1701261145.274814605712891,0.200550325456776,0.759126411948008,0.793979650674650
1701261145.374810457229614,-0.318758714456322,0.966536216151321,0.685205839303631
1701261145.474792003631592,1.552712300058294,4.388949917160025,-1.818266353424221
1701261145.574975252151489,-1.053399751716949,-0.490852030260314,1.858342393911407
1701261145.674819231033325,0.317597549505725,1.238236385335728,0.071185659186621
1701261145.774760723114014,-0.027951249303405,-7.130658779496761,4.290656746125161
1701261145.875101327896118,0.712159163463256,-0.924175849938017,0.039187841897743
1701261145.974872827529907,1.376390310895796,-0.241356910904673,1.241738815306921
1701261146.074786424636841,-0.116932135163362,0.093615861748917,-0.003553295464791
1701261146.174794197082520,2.902164323378881,-3.332800502504797,2.836570672702836
1701261146.274833440780640,-2.446225506831870,1.187219149886486,0.276356036880607
1701261146.374849081039429,0.641648605194926,-3.720287010405108,-1.295056425889966
1701261146.474791526794434,-0.195814592653450,0.160052600656083,-0.583804318885077
1701261146.574831724166870,0.266606319427633,0.568531435586686,-0.199226897555650
1701261146.674920320510864,-1.100262592789047,-0.636500394582622,0.969373080307219
1701261146.774801254272461,2.176440225425160,-2.615766767782186,-0.643201939210437
1701261146.874806404113770,-1.438356789629089,0.271790353979834,0.819527630762720
1701261146.974861145019531,-1.554380882540145,-1.545594308392078,-2.054002274227472
1701261147.074784040451050,0.015051143893234,0.638281225667426,0.458041545950111
1701261147.174797773361206,-0.847188178651787,-0.597241106953862,0.169437016075112
1701261147.274803161621094,0.818897259761454,0.098365262845521,0.133775286616330
1701261147.374819040298462,0.413851205341952,0.051581980022772,-0.707553430571661
1701261147.474820613861084,0.170871061360263,0.169496603487295,-0.528285772859249
1701261147.574872255325317,0.989379561716014,-0.013880005028959,-0.654464969989967
1701261147.674820423126221,4.101995912751420,1.647773019120142,-1.052606560639715
1701261147.774794101715088,0.268158445015828,0.357297717914679,-0.493210255988893
1701261147.874875545501709,1.205933855970674,2.148116865131604,0.750562482218405
1701261147.974816083908081,0.483337223876055,0.328881111812027,-0.530109459715888
1701261148.074767589569092,-0.024484133044305,2.362252103485396,-0.594862124275516
1701261148.174809932708740,0.097732324242699,0.520236858542158,-0.891976078921153
1701261148.274783372879028,2.272700125864763,1.410342054434242,-2.461580650729986
1701261148.374863624572754,0.785555365322087,-1.539169022297474,2.371333298019890
1701261148.474802255630493,0.546517303066392,0.906485482702700,-0.567180582394506
1701261148.574823379516602,-0.591564987111038,2.150344842465403,0.837367072640821
1701261148.674845218658447,0.840477489744721,1.193389930627687,-0.442207967859043
1701261148.774777889251709,5.306316427184617,-0.771279699193708,2.563895785315918
1701261148.874782323837280,0.012638284485440,-0.517788451034730,-0.123448134941517
1701261148.974801301956177,2.995702057326205,2.787403564336315,3.023377726017010
1701261149.074808120727539,3.991507351773484,1.534640432037987,0.237771865829413
1701261149.174837589263916,1.504590123333564,1.540010266861606,-0.680870908672913
1701261149.274812221527100,4.323557386698978,6.663181875686146,3.242534266522578
1701261149.374801874160767,3.317342089862922,-3.681171925067535,-4.395390351466055
1701261149.474866628646851,3.784614600594838,2.356663890893147,-2.289115728253408
1701261149.574769973754883,3.663970813509573,3.915343573914280,3.220553042309508
1701261149.674785614013672,2.543444408568089,1.440556446633963,-0.111992317937147
1701261149.774820327758789,5.299002468377241,3.906703360591935,-1.598200829082223
1701261149.875010013580322,4.717147178303597,4.499384708084208,-0.214722341938350
1701261149.974996805191040,5.555733728878698,2.353431721855539,1.703750420998870
1701261150.074811458587646,5.133609479302267,6.755423448543881,-4.185845658950789
1701261150.174831390380859,7.071976728170871,3.109505011219238,0.944767792121326
1701261150.274838209152222,5.355800054230134,4.615946408820593,-0.295505857465476
1701261150.374778509140015,5.162930841328973,5.539311791985612,-1.412284269442468
1701261150.474928617477417,4.523812072271914,5.320017746304322,-0.350582926323952
1701261150.574867725372314,10.017816747514997,6.245924844402133,-0.039599863716502
1701261150.674844026565552,6.820863241569931,5.619059102729335,-1.070553521524804
1701261150.774759054183960,4.161602898026144,3.183159562656814,0.626477064890564
1701261150.874853372573853,8.905877970607001,5.156829239392529,-3.063124110960960
1701261150.974774837493896,11.956140076181617,0.963885175536778,-0.217721233781219
1701261151.074760198593140,9.120046621639029,6.273114431828796,-1.192930067420070
1701261151.174823999404907,8.024395923916151,2.661700810867239,3.366082728629334
1701261151.274776697158813,9.974077151977124,6.461056380044957,-0.399694164832175
1701261151.374781370162964,9.020317469681869,8.158791484190688,-0.154932330931661
1701261151.474834203720093,10.436804517253821,6.604877926275599,-0.560015444534288
1701261151.574859380722046,10.394791269937693,7.378092849356547,-0.849747884111271
1701261151.674838066101074,12.919260684196725,11.174009955313441,2.637287108456609
1701261151.774899244308472,12.611945260221445,7.076583965142584,-1.088320045604092
1701261151.874830961227417,14.770691351394460,0.756968394455883,-6.754827512183822
1701261151.974781990051270,10.553759331386967,7.734530526708289,-1.602657068308853
1701261152.074778795242310,14.286577346680943,10.905855797050116,2.291278019003480
1701261152.174868345260620,13.492437485958625,10.720237558390151,0.381953870380523
1701261152.274774789810181,12.165639838425761,11.285225092077447,-0.843367514857531
1701261152.374771595001221,14.276635667026589,9.270478754840376,-0.967077318629035
1701261152.474781036376953,9.183269079249655,10.857447658906633,-0.470999870541121
1701261152.574796676635742,18.144835101578860,10.105119590200301,1.113571530677770
1701261152.674870729446411,15.664334255835810,10.301004799970183,-1.714493095394028
1701261152.774878501892090,17.403214807751418,12.379706633515410,0.194248367524902
1701261152.874881982803345,15.010304393859899,4.912086595552459,-1.715074512677930
1701261152.974810361862183,16.006260272033703,8.643005720418561,-2.491251086906264
1701261153.074883937835693,17.061264041489419,10.019095905462088,-1.598609694819426
1701261153.174792528152466,17.522494486002792,11.357918993364855,-1.193187634001395
1701261153.274795532226562,15.844686173232176,9.270521265860996,1.502331109271986
1701261153.374823331832886,17.221056551019238,9.350393665827818,-1.274969571998443
1701261153.474806785583496,18.393987739110873,11.022654882481790,-1.836032067118484
1701261153.574774742126465,19.219933118437556,9.962382980899298,-1.906772285737170
1701261153.674827098846436,19.024399343770334,8.687923259129702,-2.702596747368426
1701261153.774804592132568,25.544948630168303,13.877699740554490,-2.397816035262379
1701261153.874773979187012,20.154242620518058,9.406945406778428,-1.726275831899393
1701261153.974834918975830,21.663562426881811,10.262166147900034,-4.109645685999925
1701261154.074824571609497,19.197080417670431,10.050886357923771,0.318417526305955
1701261154.174808740615845,21.135233042378616,6.905376687040423,-1.472589315009711
1701261154.274757385253906,22.195137342594805,7.773429545593027,-0.331766688061376
1701261154.374856233596802,15.947838795569865,11.154639974075932,-4.253887523374340
1701261154.474791765213013,19.807461151454238,9.424243042224386,-1.609446326262184
1701261154.574876785278320,21.574153820952631,10.306534320223529,-1.259151725463058
1701261154.674821853637695,19.542712542223484,9.825738090410722,-1.306670539865684
1701261154.774775743484497,21.930196041311131,10.459875454530749,0.223559135963142
1701261154.874788045883179,19.761063775662070,8.359881476468559,2.255841396753544
1701261154.974792480468750,20.245629245541483,13.201581124674924,2.043761373101448
1701261155.074783325195312,21.557273647757462,8.377571719412110,0.596640384006019
1701261155.174802541732788,16.929610296508660,9.313741355815711,-2.548359674137891
1701261155.274832010269165,21.725945589106914,11.531130917428564,2.475076120166512
1701261155.374816179275513,18.957485967287088,8.574409119821235,-3.020950207034656
1701261155.474814176559448,18.732601214162742,9.338463489078022,0.024724346426560
1701261155.574837207794189,23.234096138109809,12.392323410368723,-8.408989180086056
1701261155.674815177917480,19.189174610173247,14.592442222793906,-5.437337315741845
1701261155.774821281433105,21.679065393018501,14.898670473339589,-2.609146214258996
1701261155.874778032302856,21.617791876776877,11.603687378175465,-1.551856976458525
1701261155.974769115447998,19.914358125004206,11.217654979122962,-1.827862996557900
1701261156.074812650680542,20.902231282506229,9.264898902754929,-1.820068845024848
1701261156.174810409545898,20.393472377295936,7.979338576009453,-1.804917774719333
1701261156.274806737899780,18.102695642972307,6.957286465465433,-4.418649334514372
1701261156.374816417694092,22.299677178507928,8.457793764167764,-2.488360674889448
1701261156.474847078323364,21.271463312967974,11.150273954778179,-1.876917342487928
1701261156.574877977371216,23.317347136502018,10.318353531634692,-6.468904968115102
1701261156.674818754196167,22.517842626726875,8.658004731796888,-1.223624590548409
1701261156.774803400039673,21.345375937737483,8.304771956634074,-2.141017241965854
1701261156.874843358993530,23.842594093647854,7.832815881468915,-2.341082521219502
1701261156.974793672561646,22.090111943891308,9.177325178190603,-2.505847569660391
1701261157.074815511703491,22.702260322629026,10.597931502982707,-0.529648156498036
1701261157.174818038940430,24.852180182941453,10.932516614523117,-2.789526245718025
1701261157.274800062179565,22.430530066621095,7.506741951786922,2.951033670168007
1701261157.374795913696289,24.089477747598927,7.509556839477311,-1.702424362648934
1701261157.474789381027222,24.660311404733200,9.675205308623729,-2.108677767298513
1701261157.574826717376709,21.720509114309856,9.666374205360427,-2.671376538393789
1701261157.674771070480347,21.805273395149595,9.184608063353695,-6.502840710775662
1701261157.774821996688843,25.714569956596442,8.457163015446250,-0.380530852315455
1701261157.874889612197876,28.137070660786424,11.076322895410918,-3.407266349898223
1701261157.974775552749634,26.407228504453094,5.166409314680882,-3.589133892133340
1701261158.074821710586548,25.919558510950843,12.333217644650302,-3.886249476294242
1701261158.174804210662842,27.320361702137813,9.251969201749530,-3.019933288989082
1701261158.274782896041870,28.517485936231417,8.825169219784206,-3.344600481313331
1701261158.374816656112671,26.964443172126742,9.030336351270202,-3.123781330681796
1701261158.474793434143066,28.100689640870623,9.210661188871118,-2.514261967788312
1701261158.574851989746094,26.637702138399995,13.130402272564046,-5.318985755841428
1701261158.674842834472656,33.230554558979520,7.377160708959934,-4.742902844263332
1701261158.774878025054932,29.548563719029804,8.705502773452451,-4.012011802415738
1701261158.874796867370605,28.931065947414837,15.051316835535406,-4.210931693629994
1701261158.974791526794434,28.037965351453742,8.100672418410985,-5.294510963788023
1701261159.074775934219360,30.666632208940317,9.087502359668445,-7.716348544593131
1701261159.174892187118530,30.762211369115956,9.227088827897635,-0.761158781481950
1701261159.274815082550049,31.015688412168352,7.558044122254339,-4.119102622656775
1701261159.374835729598999,27.829597215987960,7.702354885989993,-4.393032521703388
1701261159.474904060363770,33.556978610793863,8.289729297717781,-3.662960399468148
1701261159.574915409088135,32.734861471750172,9.027016333212343,-6.314861823299884
1701261159.674995183944702,33.563795775399441,9.230991306401130,-4.495419049276675
1701261159.774840593338013,33.451390604770943,8.143145033649734,-5.156843310065603
1701261159.874799013137817,34.834178953061418,8.790075211934747,-5.741879637925964
1701261159.974807500839233,38.368523744125078,6.506222678621462,-6.399373642182977
1701261160.074786663055420,41.687474934827456,7.676985839270881,-8.340567588354242
1701261160.174781799316406,36.471776910386694,7.535605154691892,-6.349933481721397
1701261160.274967670440674,36.983340213029734,8.198182608300636,-6.495372650480336
1701261160.374787569046021,37.477146159300524,8.262224562945457,-6.979536585749724
1701261160.474823713302612,33.889960332635134,11.220251597518008,-6.386744523477113
1701261160.574811458587646,37.759812114341912,6.462999806513760,-7.598685781536221
1701261160.674822568893433,38.172536565679621,7.414808238282468,-7.250967571148243
1701261160.774783611297607,36.843606742350737,5.500583292832886,-7.286635011356115
1701261160.874810934066772,39.985920387500563,3.594728410167591,-11.382586890300015
1701261160.974825859069824,38.949327975129144,11.398983777780302,-10.903005810129354
1701261161.074829339981079,42.071324431553847,8.723919354263360,-8.750568504889177
1701261161.174817800521851,42.536677408627696,4.624897393997932,-12.824335959536757
1701261161.274788379669189,43.580413251792706,8.957478594582973,-7.982159111432934
1701261161.374831438064575,42.016811090988405,7.682514631390586,-7.819903778279226
1701261161.474795818328857,44.256499480250035,7.400244105701133,-8.881716560805664
1701261161.574817657470703,42.776375834113999,9.095796933430218,-6.486493266892687
1701261161.674782514572144,43.476522391887656,7.799852410939058,-8.537876146239615
1701261161.774772405624390,45.099957918697733,10.361697589920739,-10.106367589269617
1701261161.874845743179321,45.840914361800067,5.415358751964702,-9.656002435357809
1701261161.974783182144165,44.376893407094386,6.583394553915463,-9.538496068540587
1701261162.074798822402954,50.181719245980133,4.267563704343360,-10.319939898025728
1701261162.174842119216919,46.855829540550111,6.862305091077823,-10.458468449886929
1701261162.274771690368652,48.579025860888088,7.575193028723362,-7.946532023710262
1701261162.374810218811035,49.338551782208349,5.042521030348492,-8.851729341646324
1701261162.474819421768188,46.885681551758282,6.942706462947805,-9.795025749927571
1701261162.574808597564697,47.248573677025192,7.960170627977485,-13.650357793505421
1701261162.674761295318604,48.495713709170822,6.236342664525677,-8.625092891577840
1701261162.774784803390503,50.044669461009427,1.700518780924912,-11.230048361815248
1701261162.874867439270020,51.170714417448927,5.471009672990888,-8.166963780587885
1701261162.974781751632690,49.568078218822059,4.090161669833809,-9.778868144932918
1701261163.074805259704590,48.406435293787325,6.055291017262860,-8.598226041997295
1701261163.174790859222412,50.549552861058480,4.173591231828958,-8.959660921524492
1701261163.274837017059326,51.285400140208907,6.173175421254250,-11.046201447856006
1701261163.374763727188110,51.370789627785413,2.804561381090469,-9.230213657974730
1701261163.474815607070923,47.751184896393831,4.634642579458243,-8.012663879577092
1701261163.574873447418213,54.912009012764791,7.754646321575218,-6.624541094280211
1701261163.674857616424561,49.367420630994339,2.030989335822285,-14.043435942414646
1701261163.774857044219971,55.889608519680714,3.400211213435373,-9.555150816177553
1701261163.874798059463501,54.783011234713044,2.339676247731534,-7.608370233591151
1701261163.974775314331055,54.212391154127097,2.032137393177305,-9.488374335551020
1701261164.074790716171265,53.568527650231353,2.757782822008757,-7.605080986140723
1701261164.174788475036621,56.535712769557385,4.261920228477117,-9.252261650143049
1701261164.274816036224365,57.228267076416081,2.932833166369360,-7.582916646094253
1701261164.374806404113770,57.500502092028327,1.540085826005695,-9.159801195509591
1701261164.474808216094971,61.315049546609501,0.191556913632292,-4.101387320652170
1701261164.574787616729736,58.185733237587407,2.166791870838363,-7.662195061213038
1701261164.674799442291260,57.219473878070175,2.455497901461359,-5.924041584607960
1701261164.774796962738037,59.096201098192026,5.730818378099842,-6.631702099160511
1701261164.874978542327881,59.539011553591827,2.056371228026702,-7.677337771552595
1701261164.974791049957275,58.745196975202795,0.958933227613739,-8.398897411018988
1701261165.074774503707886,59.703414598370877,1.061827139072133,-8.152586800771372
1701261165.174863815307617,60.358201137261574,1.605904757013751,-5.917544025568256
1701261165.274818181991577,62.313849955621230,1.960303212756065,-6.889073696210585
1701261165.374773740768433,60.042858311828581,2.181430360935831,-9.889931989854427
1701261165.474851131439209,62.352596450924956,4.581078441611208,-3.100331785034284
1701261165.574835300445557,64.242715628661927,2.639783552457849,-6.095156615907907
1701261165.674805164337158,64.906541297657071,2.021411022569274,-6.075398435870585
1701261165.774787187576294,62.114679489840725,5.631363753524012,-3.589290501125793
1701261165.874779462814331,62.434253560419002,2.975788417529335,-5.943227790397470
1701261165.974781751632690,66.929050209092622,2.327151874959017,-4.684789764168348
1701261166.074791908264160,72.169054254023436,1.176013972735551,-3.490253412851866
1701261166.174809694290161,68.023058464691687,0.048792705755325,-3.875258614424170
1701261166.274995565414429,68.936777312601691,3.974756912219045,-4.291834305841430
1701261166.374803543090820,66.833826852221478,1.457712797708904,-4.697387355823053
1701261166.474777460098267,74.345383994448738,2.890025220789450,-7.831178127914056
1701261166.574882745742798,70.353398556148193,4.692015320901017,-7.230058162428159
1701261166.674957275390625,70.483166087809991,1.633017971355827,-3.270768249795720
1701261166.774781227111816,75.351832682816294,5.231611497532436,-4.321351015426693
1701261166.874772071838379,72.957843994299907,2.546106908482220,-3.027183734583909
1701261166.974772930145264,73.952788180997274,3.697535504970182,-2.996767372303100
1701261167.074839830398560,75.287990451655702,3.697902308257625,-4.798570786918567
1701261167.174893140792847,74.865009349878378,3.053250057908382,-2.091569772972378
1701261167.274978876113892,72.266947727913362,5.978442672272456,-0.671901668068759
1701261167.374807596206665,76.515875666027341,3.051999098767839,-0.967054891969689
1701261167.474867582321167,78.773630691807028,0.678026149657434,-2.889391938863136
1701261167.574923038482666,79.907883535347580,4.036338293219222,-0.419605557286431
1701261167.674805641174316,78.473208751574290,2.432897047685752,-1.286274794337164
1701261167.774783134460449,78.103604474608346,3.406370913746557,-0.890445127416988
1701261167.874773979187012,80.248837961892676,4.087941797553931,0.031503804585214
1701261167.974823236465454,76.520433088431574,2.646218506891426,-0.070367831525452
1701261168.074834346771240,87.203669851061264,3.213633822662367,2.768147856443778
1701261168.174805402755737,79.602361915035800,5.317879625704107,-0.031024079785740
1701261168.274802207946777,82.120888867841586,2.206882532068851,1.085690958948871
1701261168.374816894531250,80.834815058682750,6.634678609921277,5.796052400915846
1701261168.474815130233765,80.855619491865596,8.906542587853469,1.610930919787214
1701261168.574796676635742,83.551014737245964,3.564992588792956,1.068507597671758
1701261168.674839973449707,83.886580709992089,3.988339755366340,0.965401904251852
1701261168.774809837341309,86.064607763889384,4.545868510790690,1.178257026818417
1701261168.874825477600098,85.213579182008274,4.232269166730039,1.403596343531980
1701261168.974811077117920,84.367056784788090,2.973483445950272,-2.735152802144953
1701261169.074826478958130,85.965676476791501,6.894803405699699,0.676599000663720
1701261169.175297737121582,84.597902762936414,0.510087635846439,1.923168736621158
1701261169.275070428848267,88.233111609527057,5.356806025664302,3.790001771107317
1701261169.374873399734497,84.929479341561830,2.062346687997459,5.254986398747840
1701261169.474815368652344,87.043391698187548,5.230904914913975,1.643047745563375
1701261169.574834346771240,86.031935341564832,4.253522125853314,1.121189708136435
1701261169.674861192703247,84.561822030937861,1.926342317944929,0.043034243778523
1701261169.774876117706299,83.919996488398667,8.585774442695520,-2.122052536594024
1701261169.874817609786987,86.503764236912687,5.139314862542278,0.799231592257562
1701261169.974762439727783,82.985200679864803,3.498583817851544,1.661380002332399
1701261170.074818611145020,87.608798167491202,5.083720153197538,1.262282370916900
1701261170.174825191497803,82.461118823632319,3.830213830288281,0.775263306211519
1701261170.274808168411255,84.140985079420361,6.577455837369747,-1.717753563806656
1701261170.374805450439453,87.638926613834087,5.792533594416975,1.732889897192720
1701261170.474783897399902,87.500227949991768,4.519359936858072,0.194720132344109
1701261170.574779748916626,91.802340147310517,4.055198454444725,0.563634107011246
1701261170.674788475036621,85.323363218767284,4.158805170686866,1.077217283505946
1701261170.774836063385010,87.515973682686962,5.010058254542768,0.090472485849000
1701261170.874779462814331,89.892837535229091,1.657525371700507,2.827022939559789
1701261170.974821329116821,89.082162716346474,5.101216788442028,-0.829518047979598
1701261171.074787855148315,91.473223986431776,8.511259181442700,-0.268942234583027
1701261171.174870014190674,86.267048907198841,3.006070076535388,-2.599850543775255
1701261171.274796485900879,88.515506445797428,5.189411658587818,0.592908714068202
1701261171.374822378158569,87.540434701644102,4.915891189557541,-1.475427741039618
1701261171.474820375442505,91.796342940435053,6.068145347962294,-3.690118234071952
1701261171.574894905090332,87.126125308491694,3.915059063163802,-1.817926084043529
1701261171.674818277359009,88.597645164457660,5.500840816326612,-3.347660556029354
1701261171.774850368499756,89.587902942118617,3.636110585763987,2.128924404590077
1701261171.874821424484253,88.891315967010371,7.442018278058503,1.352458426041977
1701261171.974824905395508,90.602012859099133,5.231962466798807,-0.682908605328274
1701261172.074763298034668,89.092667311361510,8.769202934668114,-1.194026436847273
1701261172.175054788589478,88.906429286146775,6.484831366281053,-0.548155877006524
1701261172.274838924407959,89.478811437919944,6.623086634656149,-0.323985104643664
1701261172.374807357788086,89.671479779783553,6.816706058867161,-0.481782930444497
1701261172.474831819534302,89.901561092839813,6.933176152380723,-0.523423184634862
1701261172.574811697006226,87.327794354246748,7.676493454292396,-1.252170571692660
1701261172.674803972244263,87.549530018873853,7.084036510904424,-1.905721201679562
1701261172.774791717529297,88.252576114023341,3.462010678503250,1.719204932312144
1701261172.874836206436157,89.500387096702084,6.740962846818639,0.329298338633012
1701261172.974869966506958,90.919070527709948,7.518614019765061,-0.627872226802771
1701261173.074769735336304,90.297702340887014,6.849037712705976,-1.002908774029631
1701261173.174872636795044,89.393873058618667,9.898156996443358,-0.834253964463365
1701261173.274796962738037,91.938665390168310,10.660662609393832,-0.929406799251645
1701261173.374826431274414,93.906361065300061,6.508609636956852,0.069845461596427
1701261173.474809646606445,95.735849093133410,5.586864134357069,4.301100063351119
1701261173.574816226959229,95.705659941068163,7.462181674570868,2.943479008657810
1701261173.674823760986328,95.021904174226847,8.003948225163146,-3.805909953646625
1701261173.774817943572998,93.635654737910656,9.478968856068022,-0.971157159774512
1701261173.874823331832886,92.912813827107229,7.552243108356607,1.633005859102565
1701261173.974815607070923,93.093139497516347,8.286455098738571,-1.455381956202283
1701261174.074815988540649,92.009488458129539,4.785083668090390,-1.585343658201062
1701261174.174773931503296,91.423944238845749,4.064709846575998,-1.746522957940902
1701261174.274838685989380,89.321667953012678,8.677547969692547,3.931027524433737
1701261174.374817132949829,92.756968707069589,6.338945443522449,-3.454428875141319
1701261174.474863052368164,94.457415855544284,9.236604991613225,-2.238481115282973
1701261174.574814081192017,94.002769878527275,9.912255003423306,-2.508598934489175
1701261174.674786806106567,95.045505012562572,11.037579868972106,-2.476973290536954
1701261174.774833202362061,96.682697771868746,10.901037978292063,-5.832782654277024
1701261174.874790430068970,94.130872275300163,9.655664774365064,-2.898537564862348
1701261174.974786520004272,95.292574442667700,10.674050702544381,-2.664370280709520
1701261175.074790477752686,94.834155228088548,11.994827496597606,-2.439068446036549
1701261175.174913406372070,95.731354873049199,8.585252240432281,-1.585195897467889
1701261175.274885892868042,94.599043982915958,10.989708076975511,-4.269415386174884
1701261175.374791622161865,93.986605638183207,13.234063478386181,-1.970972135332073
1701261175.474788427352905,95.661547154526090,8.901680978931370,-4.552772994360877
1701261175.574786901473999,94.486060710534844,8.995495331115862,-2.672642549373168
1701261175.674819231033325,96.936145546480944,12.972557660247043,4.821084274324200
1701261175.774819850921631,95.935934169608743,12.176245845037453,-3.486237859586700
1701261175.874811172485352,98.378998986577884,11.766726025866483,-6.049338788581878
1701261175.974817514419556,96.818043111787873,11.899506685791014,-3.224006273507019
1701261176.074780225753784,97.607603914450209,13.752278726722205,-4.168484220615049
1701261176.174832105636597,98.323017475838057,12.082679413190956,-4.396629344179566
1701261176.274770259857178,96.601074474819882,7.945963298289438,-4.945704033733421
1701261176.374805927276611,102.542974211391922,17.049738888063487,-10.170751021271574
1701261176.474818229675293,97.441970278921147,12.072488102554273,-4.498236820929482
1701261176.574776649475098,96.735582804766182,12.400529566800364,-5.861299731185347
1701261176.674800157546997,96.034045607970583,11.199790591357807,-7.006506638744403
1701261176.774819374084473,97.715023585106806,10.366808149750927,-5.747844263117464
1701261176.874788522720337,103.084445924111677,11.809750090519605,-3.601725269947563
1701261176.974901676177979,97.772579591669242,12.822917378596918,-7.200567187496981
1701261177.074815750122070,99.675607198873749,15.882583866660145,-11.298948644857765
1701261177.174814462661743,95.882988797797978,9.824486902687227,-4.814151858614049
1701261177.274771451950073,94.685594098619788,10.085904134892690,-11.420137175208641
1701261177.374784946441650,97.817093378187465,13.479461216412098,-6.289975470430102
1701261177.474776268005371,96.557354479768009,13.133311924680335,-5.283217082683164
1701261177.574791431427002,95.867175976466640,11.449157367684233,-1.157263550518855
1701261177.674774169921875,97.520004647052659,18.850553300683504,-12.936392130860773
1701261177.774792671203613,96.427864077816722,9.886446480529623,-1.372866947426816
1701261177.874779939651489,97.240616598543738,12.154800270057477,-6.764220409209897
1701261177.974761247634888,98.391473141739965,12.486657189346801,-5.945375807991659
1701261178.074798107147217,97.432859049799475,15.471492863972957,-8.019374503179620
1701261178.174818992614746,97.845503523640858,14.568983208534991,-6.080105548313385
1701261178.274807691574097,98.614645811849627,13.739810988998673,-9.196039362895707
1701261178.374854087829590,98.646166249703214,13.174982177753666,-7.067904913940083
1701261178.474817752838135,95.041202621084707,17.777025641565888,-6.196001927655427
1701261178.574764490127563,98.828627763224276,12.261666304827070,-4.865328504429041
1701261178.674799680709839,97.194655618241853,16.656464209671018,-9.948801089163522
1701261178.774791479110718,98.363214130828325,14.760639431098552,-8.952611094254465
1701261178.874832630157471,95.394724664122961,13.805884244979580,-11.734663327839947
1701261178.974807024002075,98.582319854579382,14.878833367424432,-9.271816853051400
1701261179.074770450592041,98.119596808101520,11.983723664262456,-8.098543829047445
1701261179.174821138381958,99.918231212485566,12.371883170954536,-8.486443434499847
1701261179.274772644042969,102.070536797654597,16.930440262724701,-10.651486128397357
1701261179.374830961227417,103.281107968240150,15.586260352579126,-6.368262356222261
1701261179.474803447723389,99.283095195304455,15.071434923580288,-7.867124574525905
1701261179.574805021286011,99.249310070027434,18.289276274184825,-9.947084426629944
1701261179.674799442291260,100.760383161280927,13.143358452447247,-13.892575398804805
1701261179.774923563003540,96.942182977598875,15.506360176212622,-9.226636411190274
1701261179.874822139739990,95.849449024098220,17.481761758710821,-12.443288928560909
1701261179.974774122238159,101.350068715933844,15.945548121539789,-6.553734378941157
1701261180.074854135513306,98.793222331828815,19.082715570760861,-7.480931152184512
1701261180.174808979034424,99.797430485136658,15.494906823696235,-10.271311386928627
1701261180.274824380874634,99.310456855069603,17.181002028719902,-10.915808921314659
1701261180.374801397323608,100.071541776370793,19.417334912765519,-11.653611361814702
1701261180.474860906600952,96.184783629395156,15.397381292321354,-7.675393682589688
1701261180.574820756912231,104.327330465670414,21.378674986671427,-10.237269390955859
1701261180.674824953079224,99.939748079636971,18.770545187931067,-11.444462229096564
1701261180.774833917617798,98.659269447196564,18.867656954895434,-10.966569407601224
1701261180.874820232391357,100.716230250323278,19.118766901184308,-10.971257711922744
1701261180.974822759628296,100.298146972790775,19.204304231165231,-11.574912559092942
1701261181.074868202209473,100.419698845561470,19.474181616120159,-11.640099898988389
1701261181.174776315689087,100.534130668501064,19.009993556243707,-12.618583671889033
1701261181.274955272674561,102.857262436065241,21.253027584315760,-15.635823958740238
1701261181.374796390533447,104.924655367364537,19.789161045606633,-13.217733482547388
1701261181.474833965301514,102.690409681806656,21.346195438238535,-14.366784465909808
1701261181.574856281280518,100.832205197137711,21.050332237838095,-11.668340287207476
1701261181.674803972244263,104.294339292180680,21.370530437658719,-12.894771597783889
1701261181.774963855743408,101.007320576756939,24.343700926223779,-10.412884144325277
1701261181.874790191650391,103.163769815219283,23.446043115532735,-12.131822522737181
1701261181.974795818328857,102.550369089513879,21.944882506965435,-12.036172082404574
1701261182.074813842773438,105.118422593397540,21.974134750011217,-16.167706827618485
1701261182.174801826477051,103.766110102474599,22.237242857468360,-10.891711446030655
1701261182.274793863296509,101.743548128308333,22.875011148152581,-10.402375812043893
1701261182.374778985977173,103.578636705487156,23.704753846426765,-11.567858400031838
1701261182.474818944931030,104.773646725941532,24.585253495073847,-10.985122352685249
1701261182.574776172637939,102.368482203868439,24.758101321941094,-11.932560207389875
1701261182.674811601638794,104.340440055191493,24.610100682878805,-12.086034597352965
1701261182.774761199951172,101.914902862325391,27.085097665771375,-10.544529631794685
1701261182.874820947647095,105.040164499709874,21.014581961621502,-12.541099626939165
1701261182.974809646606445,104.934511372187899,25.227264858306395,-11.927289412684843
1701261183.074802398681641,108.273541195156426,25.630152971860667,-11.539711727544583
1701261183.174819469451904,107.633489443033469,24.568319356594927,-11.361890353180039
1701261183.274817466735840,107.628351561784143,26.882914920432196,-11.663778200864083
1701261183.374810695648193,108.814176617817253,27.370170109624116,-13.072650280273157
1701261183.474819183349609,107.096781489791738,25.794983229750116,-14.411287629407665
1701261183.574779272079468,107.056155393140884,28.063073235521557,-12.405500600341210
1701261183.674816370010376,105.847736335131842,27.354044300225112,-12.050055472375671
1701261183.774757623672485,106.161067525093912,26.744973666051205,-11.608153763848641
1701261183.874808073043823,106.247066961288198,26.994735576413401,-12.418829496494387
1701261183.974962949752808,107.042639170498603,28.838595683254322,-11.892725696360392
1701261184.074989795684814,105.038262930715490,28.886196402729123,-11.469265028879843
1701261184.174902915954590,106.406182371626997,28.583558818270422,-11.780800384686600
1701261184.274812459945679,105.828827896877613,29.907096951277396,-10.917143172359108
1701261184.374823093414307,102.540695835944092,28.242775614977919,-12.021408728798269
1701261184.474876642227173,107.047447002933438,30.014845461494673,-13.161137537641800
1701261184.574823141098022,106.402506537570943,29.705969308547502,-12.396881620051879
1701261184.674790382385254,106.354883135644442,30.280901882981695,-11.735532418324940
1701261184.774770259857178,105.862127666842227,30.621761944729041,-11.985851511232363
1701261184.874792098999023,105.730590328470470,30.873001307676891,-12.160118130038880
1701261184.974839210510254,108.017738383026568,29.318350968678562,-13.356428644908050
1701261185.074818611145020,105.814868016869198,31.155152670355747,-12.746577483018211
1701261185.174794912338257,106.382748322734898,30.966955466975030,-14.589647906914818
1701261185.274836540222168,106.835036009452850,31.237728369885616,-12.379962612379385
1701261185.374840497970581,103.960063932854126,31.121109305171416,-13.237610153092808
1701261185.474840641021729,99.817470453897883,35.042464394207954,-11.536505321837526
1701261185.575013160705566,106.011365315333492,32.861414915293459,-11.689583819228817
1701261185.674818515777588,104.350190987916179,32.882490855253693,-13.704515847781492
1701261185.774810791015625,97.652443241375352,33.302788988494925,-14.399168773066693
1701261185.875118494033813,106.325791532323976,34.532336785185542,-12.626587196470002
1701261185.974810123443604,105.095715813530376,34.312559967510090,-11.051363353150109
1701261186.074995040893555,102.316345486657397,35.662965436636881,-20.498828575537999
1701261186.174812078475952,98.955602120353049,31.984188991800604,-12.383655681725822
1701261186.274773836135864,104.427968124128569,34.690975522837071,-11.692747623756389
1701261186.374787569046021,98.857288801098264,34.730023228304283,-11.718023551905773
1701261186.474960327148438,102.682387447001531,32.571985023714653,-12.329484679973932
1701261186.574780941009521,103.917246366445625,34.419088474952261,-12.778852549298026
1701261186.674818277359009,103.682141855621239,35.461288315491231,-11.884008643022490
1701261186.774891138076782,104.180493272085641,32.422731470630509,-11.259363998913031
1701261186.874820232391357,107.823092971867041,34.892951924441995,-11.992719913754165
1701261186.974798917770386,106.253821983502789,33.897374305900982,-15.665795293543109
1701261187.074806213378906,101.209237998960560,36.276035444043380,-13.293587350308282
1701261187.174854993820190,102.761932200555577,37.551349845487771,-12.261980352645194
1701261187.274788618087769,105.419380909401596,38.946175710004695,-13.825886520510812
1701261187.374819993972778,101.667282350604694,38.268296972438058,-11.619438020944427
1701261187.474809169769287,101.144578924696319,42.325951541167370,-15.605523355837295
1701261187.574801206588745,101.503946171751508,37.846705455048266,-8.056544896655172
1701261187.674791097640991,101.671836162223130,37.808753627168400,-8.584815012391180
1701261187.774799585342407,98.909643791723809,36.355762157049440,-11.826649406833349
1701261187.874799728393555,100.981099893726991,40.084625749909122,-13.715144454090066
1701261187.974784374237061,98.723667012499462,38.530681606336337,-11.086456177756769
1701261188.074827432632446,100.214536722936245,36.878570966970933,-14.231551547901015
1701261188.174838066101074,98.794204288169112,44.615216283884479,-11.652065718065259
1701261188.274837255477905,99.306731354842199,39.303326398283787,-12.202543586642021
1701261188.374806642532349,98.963639410298569,42.416141195379829,-10.743636208700542
1701261188.474831342697144,96.807150836525992,40.846002422201387,-10.875720573083010
1701261188.574798822402954,97.580809631163675,37.676853720571955,-11.558745294849105
1701261188.674821138381958,95.617847339772197,40.636337798696310,-13.073544743391075
1701261188.774846792221069,93.217722364438458,42.123431084692157,-11.718575909136215
1701261188.874804019927979,95.661965686001210,41.434964416145142,-11.449953162871672
1701261188.974950075149536,95.048939348478399,41.353576222172187,-11.547896645241124
1701261189.074795961380005,92.710467093891310,42.594610629526684,-10.132249605422849
1701261189.174821376800537,93.690291607749828,42.048093905214706,-11.132867371945538
1701261189.274865388870239,93.867262637268297,42.992905374302275,-12.341277230588032
1701261189.374803066253662,94.862254317946196,43.453461154562049,-10.151842918265412
1701261189.474797010421753,93.233233231634372,43.033311885719847,-11.391159402225911
1701261189.574799776077271,94.561075094090768,48.626083395812216,-11.067601764764987
1701261189.674820184707642,92.924478941883734,42.970022285384744,-10.955510802060484
1701261189.774865388870239,93.423530563667896,43.885414571041906,-11.099164000258256
1701261189.874841451644897,94.354531462260795,44.814586087136917,-10.049377136041171
1701261189.974829912185669,91.411052006763569,47.144216378590421,-10.883076258303095
1701261190.074767351150513,90.996696859591495,42.494145109080186,-7.153098166202347
1701261190.174819231033325,91.536461519765041,44.127354753900185,-9.360966866985374
1701261190.274841070175171,88.571846116457806,47.830718152836262,-9.248545221403242
1701261190.374778985977173,88.677669337754693,45.586546283749577,-11.040287428491206
1701261190.474786520004272,88.621933867254214,44.055128179550145,-10.880160888401656
1701261190.574770689010620,87.721468412001940,44.569543502000336,-11.286314601710677
1701261190.674808502197266,87.687391831711409,44.966069709621301,-11.166647128491430
1701261190.774790287017822,86.626427224053657,43.150308027554409,-10.063209604260740
1701261190.874762296676636,85.765622175184618,47.404341481708173,-11.138424285820994
1701261190.974856138229370,86.866873676162371,45.227540976601176,-10.390276940926368
1701261191.074774980545044,86.064008720877581,44.921022012414980,-11.100411157322801
1701261191.174816131591797,92.035399306840063,43.523698156069976,-13.015126034239533
1701261191.274797201156616,84.732122002822592,44.958007196100560,-12.120998933766444
1701261191.374835252761841,86.884095341476126,43.207433881405173,-11.532522884888950
1701261191.474807500839233,85.100007651857879,42.697129275573388,-11.515456910549096
1701261191.575010299682617,83.957676752473560,46.051176299116349,-11.596168256767944
1701261191.674825429916382,83.825388846782772,44.663159132598082,-11.160991218577067
1701261191.774938583374023,83.132726511945066,45.932458102975723,-11.417885957357013
1701261191.874887228012085,82.663576174375947,46.354548750006728,-11.470453300966193
1701261191.974806785583496,80.894523785740361,45.855083883259880,-10.664897238509653
1701261192.074814558029175,81.606154028116720,46.508370123393689,-11.225064461585632
1701261192.174813508987427,80.906766235109686,46.910015389635170,-12.647288659615706
1701261192.274808406829834,80.665905532555570,45.906270238963870,-10.661293716256052
1701261192.374814748764038,79.583537127816683,46.559671771832001,-11.812828020326943
1701261192.474812507629395,77.830927273694357,50.329928114576802,-8.765553386947133
1701261192.574791193008423,79.207779944800578,47.477802189169473,-11.709405777044598
1701261192.674830675125122,79.413558705291180,47.184343895990644,-11.305493007693489
1701261192.774829387664795,77.361991374096533,47.396246100870698,-11.895511825788905
1701261192.874803543090820,78.758657469191746,47.039471430155054,-11.446339061613278
1701261192.974812746047974,80.507435949626441,49.715059057816688,-11.309551894698805
1701261193.074810266494751,78.702516381919807,45.254090768672910,-10.003138902852497
1701261193.174786567687988,78.512287739984970,47.697241592903978,-11.391079268012600
1701261193.274817705154419,76.700553098735455,47.251388388411819,-11.827533967350334
1701261193.374823808670044,76.913667532457254,46.080584413089696,-10.969422147469448
1701261193.474819183349609,75.566563257612344,44.794460170249224,-10.861309726546253
1701261193.574843168258667,76.262037162865596,46.519801876650604,-11.304214558672147
1701261193.674820423126221,76.539706445113282,46.319116676627942,-10.890540192930716
1701261193.774810314178467,79.643383240951479,42.702102078251400,-5.201234746221012
1701261193.874815702438354,80.159482887515153,45.689726371574693,-12.229066849812771
1701261193.974818468093872,76.306305380244865,46.295782691328206,-10.758895785961091
1701261194.074820995330811,73.569890879050689,46.706163852607219,-11.288836030217659
1701261194.174804687500000,74.604303840373433,45.937613411617093,-11.437863419106787
1701261194.274843215942383,73.704434652727926,46.879874730949055,-13.680215742167601
1701261194.374802589416504,74.515405200940791,47.492843130029208,-10.905798261725192
1701261194.474858283996582,72.955988001791582,46.486964897872539,-11.365650715841369
1701261194.574794054031372,72.980953041059450,45.666490218811454,-11.346583439708095
1701261194.674786090850830,71.025703082177515,49.515284920132615,-9.974081149463062
1701261194.775008440017700,75.201328203578527,46.598462996413382,-10.051403806268446
1701261194.874852418899536,74.070845536548958,45.434156042122979,-11.761406401801102
1701261194.974799156188965,71.351857187830248,46.048549450462573,-11.654515201364145
1701261195.074883460998535,69.697697423693597,44.060797603858717,-8.216214803454251
1701261195.174800634384155,72.449440814952865,44.447256700345605,-11.740845324977190
1701261195.275213241577148,68.010292669116552,44.873415133114960,-10.349436820156441
1701261195.374816656112671,70.314121468613607,45.848748998150043,-11.416845138275974
1701261195.474801301956177,70.194580292267958,45.178797395544940,-11.625034585277952
1701261195.574828386306763,69.452521215464486,43.707856431066659,-13.560464136001183
1701261195.674815416336060,69.467567771553746,44.891552477291981,-13.105455069956525
1701261195.774820804595947,71.871072250284698,45.271463381936989,-12.547607762448081
1701261195.874769210815430,70.059670424054275,44.651248476316169,-12.219269033625368
1701261195.974779605865479,71.835407322329303,47.026617899990683,-11.388765718803526
1701261196.074856281280518,69.127548802586503,45.037617854972979,-12.083458691455624
1701261196.174976587295532,67.365828178563021,46.599703503729572,-12.248129885838814
1701261196.274803161621094,69.246931262587722,44.002642987209391,-12.301533964561951
1701261196.374845743179321,67.458524369937749,44.484674957467924,-13.009821401492770
1701261196.474821805953979,68.952012312878765,45.574726117456379,-13.413069598671440
1701261196.574823141098022,68.864263187783067,39.184505201620041,-14.275065222771088
1701261196.674812793731689,67.946015435328832,42.442611915532204,-14.640928343681839
1701261196.774870634078979,67.846184450145245,44.130962882818686,-11.805097594499811
1701261196.874796628952026,68.383387128238908,44.176950223648504,-10.627554729070791
1701261196.974787473678589,67.375148409827474,44.215781313525042,-12.312709844055041
1701261197.074803829193115,66.104158301762496,41.758867429906438,-12.136019162080592
1701261197.174780130386353,67.180400408870184,42.975731878623805,-12.036953869500836
1701261197.274778127670288,66.912060422680668,42.992631288410045,-13.854405678698052
1701261197.374826669692993,68.259649361825453,43.075214143762885,-9.102490656989163
1701261197.475433826446533,67.018159210838206,42.373259895408268,-12.047691664790133
1701261197.574778079986572,66.489479001538712,42.744750904569166,-12.161068854001870
1701261197.674767732620239,67.347383534665369,47.844821203590797,-9.986516955174395
1701261197.775017261505127,64.004121624831726,43.377999734823582,-11.583508233740870
1701261197.874781370162964,66.307012860140674,42.085049326153552,-11.896813613137136
1701261197.974769830703735,66.381759455584287,41.820018519412386,-12.028812075655315
1701261198.074821710586548,73.052159743252489,40.305924270885214,-9.654759009822531
1701261198.174816370010376,65.509315068205908,41.270066381808817,-12.531275812588101
1701261198.274816274642944,67.512147428842184,44.463193277740963,-11.319236221023182
1701261198.374805212020874,68.060273820146165,40.700702247462303,-10.830410282829376
1701261198.474814176559448,67.403227695231095,40.453957896708332,-12.102356435412105
1701261198.574877023696899,69.446783251200898,40.289303025851872,-8.292894189518915
1701261198.674780845642090,64.887173155039477,42.180315647565820,-12.769197197289456
1701261198.774827003479004,65.284579781325135,40.539830332808634,-12.700339106319904
1701261198.874830961227417,65.672136176098974,38.451227653498250,-12.838316482956685
1701261198.974810123443604,66.725069290928488,39.608870372922333,-15.542556327519748
1701261199.074809789657593,64.463647752597410,41.296703566923654,-8.452271858970704
1701261199.175040483474731,69.148413986555425,39.068514443508455,-10.166856086177333
1701261199.274873971939087,64.719537165644766,41.777859702518782,-12.145233904796193
1701261199.374874114990234,64.009839645535592,40.972088795311173,-12.450335853159798
1701261199.474761009216309,64.788333144370114,39.196907990730892,-12.559232283148852
1701261199.574792146682739,71.199828648779743,37.108075116863432,-6.886172919313053
1701261199.674771308898926,64.625654472550309,31.883553088610448,-13.946491052184342
1701261199.774820327758789,64.679472558958750,38.176990872919070,-10.990834668746903
1701261199.874837398529053,66.611764706194563,35.944513504719559,-13.623483722359218
1701261199.974887132644653,62.850887255600227,39.158362799992133,-12.563713660076832
1701261200.074825525283813,64.737249840317872,37.361280577318240,-12.060934180955980
1701261200.174818992614746,66.288484347598057,38.589186457533756,-14.275244725226427
1701261200.274822473526001,61.417416869393598,34.825132245288657,-12.617662330874316
1701261200.374845027923584,63.935857489137824,38.053662443957982,-12.594338696330563
1701261200.474977016448975,63.456107588160926,36.760241736529068,-12.634022418246154
1701261200.575111865997314,64.860956855239550,37.277903760069286,-14.788445596650218
1701261200.674798488616943,63.257425165835343,39.150524053485938,-11.614433923440398
1701261200.774955749511719,63.451748645511906,37.265901605093077,-12.673162925931052
1701261200.874819993972778,63.867203624494188,36.987408674047579,-12.704099548574675
1701261200.974874734878540,62.834396086073632,36.973136014247054,-11.951336910262960
1701261201.074883222579956,62.458248007635326,36.360010958214005,-13.499529420208875
1701261201.174812793731689,67.136673088027251,36.776692763884363,-10.264754406513825
1701261201.274832248687744,62.271594816738627,36.070534353598887,-12.738982825030790
1701261201.374843120574951,61.164643077817587,38.281843507654784,-10.051973096487735
1701261201.474772214889526,63.302780978002431,36.957093296118394,-12.735947274218361
1701261201.574801206588745,61.245118969860989,37.021112618359048,-13.673283177256391
1701261201.674811840057373,59.301147774996380,35.483877419922877,-12.970598929126316
1701261201.774810552597046,61.956097738652637,40.208553480130398,-11.655569691137480
1701261201.874838113784790,62.005833338814703,35.609137319128564,-13.954283796338839
1701261201.974928855895996,61.129587539272343,35.651231869721549,-13.374859874613717
1701261202.074807882308960,60.825412034433647,36.154108349576305,-13.614429718020965
1701261202.174788713455200,60.314700939939300,36.054953550522200,-13.131493481313179
1701261202.274764776229858,60.504275880777179,33.890199527421039,-16.206251227317871
1701261202.374810218811035,59.715997640379619,35.714631895259991,-13.159801238798488
1701261202.474808216094971,60.259515805507796,36.484412417152242,-13.402459663661498
1701261202.574815273284912,57.863212994555859,34.365791640478506,-9.735837325682439
1701261202.674803972244263,57.330948711015466,30.880573298420131,-14.676780544360147
1701261202.774795770645142,59.392413235602241,35.697780546458716,-13.690743832620557
1701261202.874860286712646,57.831011561953673,35.273119784180778,-13.329718040947920
1701261202.974834203720093,57.025988279133649,36.190911113984335,-12.827654567376186
1701261203.074827194213867,57.087804343940903,35.007266698374814,-12.763376511948541
1701261203.174841880798340,56.073185124245853,41.485092347153177,-15.447819246174886
1701261203.274998903274536,57.090289953717004,35.199549676148763,-15.541774604808005
1701261203.374815464019775,53.881011215814567,36.950315522854268,-15.283850169887955
1701261203.474765777587891,54.313825919810526,36.514102160061569,-12.039513819403220
1701261203.574767827987671,55.354355109017149,38.714114224997680,-13.183280057991297
1701261203.674808025360107,55.595715376545172,35.929269336069211,-11.327881074569051
1701261203.774817466735840,55.462774868770509,35.614346034217526,-11.221274662257979
1701261203.874809741973877,54.318952510836048,35.334672554279251,-11.126649836422338
1701261203.974844694137573,55.790933662463154,30.668806704773104,-11.588049118008232
1701261204.074794530868530,53.783032203054169,39.897403470627758,-12.042848369074248
1701261204.174939155578613,56.017227203846055,38.139930715781347,-12.152312918886940
1701261204.274788379669189,55.630671402412780,38.483619115608718,-14.068489488369082
1701261204.374809026718140,55.501423469150119,37.351326059491981,-12.231475707028258
1701261204.474799633026123,58.100553695331421,37.393478202250229,-12.876786082776457
1701261204.574807167053223,57.526870664054840,37.940415559042918,-12.187652761941587
1701261204.674999237060547,57.091141682572164,37.784911450557921,-12.483028330972173
1701261204.774816989898682,57.963349312000361,35.600472587896014,-13.063344256015736
1701261204.874983787536621,59.645452243639859,38.552607622641027,-13.291248427756789
1701261204.974870443344116,57.193910057880807,38.254284382981730,-9.630239377234922
1701261205.074832439422607,57.617214624857908,35.495055772188600,-11.334144206940476
1701261205.174808979034424,60.564033248567512,36.105546385555250,-13.111530870776255
1701261205.274854898452759,57.731737001347774,35.214981737260359,-11.865943374103294
1701261205.374814987182617,57.255960143632507,34.008655704282816,-14.891918599319309
1701261205.474817752838135,57.331924048406712,36.377213804635488,-12.514869533490588
1701261205.574819087982178,56.105172746896883,38.976993915369071,-13.551223762065369
1701261205.674812316894531,57.531712647966017,36.994887090276556,-12.449635317944050
1701261205.774799346923828,55.180720508212133,35.815596942857859,-12.979035909567125
1701261205.874830722808838,57.081952853713510,37.248628685298449,-12.995873413045361
1701261205.974820375442505,57.738637458339461,39.209502448115394,-14.821563889086400
1701261206.074822664260864,56.842899853457141,36.974413610218782,-7.682986374764433
1701261206.174819231033325,58.861589130704573,40.059101199529238,-12.325380642651039
1701261206.274819135665894,51.396871859756516,36.911911119146914,-12.106798412319897
1701261206.374914169311523,59.462025436396878,39.315025531989519,-14.002057915730642
1701261206.474827051162720,56.805420572535546,36.556280305258504,-12.770986318180247
1701261206.574787378311157,58.016528563285220,37.540100765592314,-12.739075186875542
1701261206.675024032592773,58.288241530176677,38.499280989643118,-12.982767674076142
1701261206.774821996688843,50.436667755261283,34.376227560051589,-12.032858058059361
1701261206.874838113784790,58.584806447057915,40.741765929698481,-16.831277927527832
1701261206.974802017211914,57.605393447979992,36.819336618129611,-12.851759253845035
1701261207.074904680252075,57.354112112570746,37.916313046896356,-12.503989246836094
1701261207.174800157546997,58.470266989887882,38.474941535079985,-12.588223821682133
1701261207.274785041809082,58.894778312924785,34.090173346907839,-15.019427906484866
1701261207.374974489212036,56.636044162879912,37.185822529473462,-13.055248436756830
1701261207.474787712097168,57.316651538514343,37.182576566521675,-12.272802473756315
1701261207.574794054031372,58.850932347072259,33.912663128172490,-14.786286698688588
1701261207.674886226654053,56.862583876618565,36.813705927384021,-12.703468872326368
1701261207.774918317794800,54.332156730426632,37.815767267674495,-13.725302731824668
1701261207.874822378158569,58.797583112931335,36.453061683091860,-12.465841796620936
1701261207.974821329116821,60.694760835297878,36.835734596494682,-13.781899699082663
1701261208.074766635894775,53.375868568503108,34.116102131716914,-7.645557562862961
1701261208.174818992614746,58.692940266187577,36.143752613744368,-11.305261439393457
1701261208.274825811386108,59.008691217878877,36.231634597712542,-11.496774582422519
1701261208.374820470809937,63.157415176438903,40.797033143650161,-17.760462898698041
1701261208.474819421768188,58.380866784290895,37.790734993373185,-9.797794445640667
1701261208.574782371520996,54.978200781317263,36.891499638467401,-11.545065846199378
1701261208.674818992614746,58.837303313431278,36.404809698358783,-12.256652564087759
1701261208.774818658828735,57.004914641712880,29.181681646780490,-15.484090597521964
1701261208.874818325042725,57.541893047196595,37.919345619408460,-14.224213973775296
1701261208.974820613861084,60.704662043891851,36.845479712258431,-11.659515377393472
1701261209.074819326400757,57.357159824018133,36.010375352224649,-13.937698930785736
1701261209.174820899963379,56.774374165515376,30.358231191502369,-14.429280228127125
1701261209.274830102920532,60.464198038510332,37.330052845997670,-15.050109397354834
1701261209.374819040298462,57.065145322021507,37.270031813710204,-12.839671341246346
1701261209.474820613861084,58.606293396254358,35.335334672488798,-12.020544696167082
1701261209.574854850769043,61.171287291508861,35.870572118270651,-12.771117126035437
1701261209.674788475036621,58.640720981419555,35.762885766274550,-11.723927966667999
1701261209.774818420410156,59.284461789293275,37.338099814385373,-10.818739922450423
1701261209.874771356582642,55.991858304030103,37.569214780985668,-10.482161890293732
1701261209.974782705307007,58.497549418873739,36.368657189601564,-12.577003341003287
1701261210.074785232543945,57.520150033836551,38.950705730010384,-12.163129497094367
1701261210.174808502197266,59.645415627117700,35.677050001571416,-11.540074407884248
1701261210.274824857711792,60.260536129891015,36.288614472035277,-11.039370755321462
1701261210.374796152114868,59.123430089211915,34.822129041563976,-9.739931921900743
1701261210.474969387054443,55.957588934297533,35.206876858011270,-13.497008600028183
1701261210.574805498123169,58.288796707745462,37.167653438560308,-10.014586078954974
1701261210.674871206283569,57.858377215530815,33.521500442490762,-14.899124768821263
1701261210.774849891662598,59.772363508026650,35.698772962584201,-13.890086988942919
1701261210.874848127365112,60.299728676189453,38.214614304636889,-13.552261159316268
1701261210.974845170974731,59.720309500146911,35.353668100145669,-11.742066675901642
1701261211.074795246124268,59.394605310799783,38.687381122788359,-12.083913888204428
1701261211.174782752990723,60.485192677381704,34.480468457213355,-12.435285368269614
1701261211.274820089340210,57.535342419194407,36.576027544725910,-8.477135632175495
1701261211.374799489974976,60.362560457987563,35.270818809667354,-12.104597401733223
1701261211.475002288818359,60.133804252351645,36.354850944717661,-11.837884698432548
1701261211.574771642684937,62.446911718260786,39.158901542434293,-11.691108866562224
1701261211.674805879592896,64.123672379685914,33.355982982742283,-14.545129268238373
1701261211.774779081344604,60.794947217515769,38.348832242456453,-13.130122964355115
1701261211.874797344207764,62.216588141997747,34.776680405419796,-11.349815934076405
1701261211.974782943725586,60.595457730465391,35.897810221671115,-12.393843707377801
1701261212.074781656265259,60.438623248501770,36.624000313976126,-11.440385492952451
1701261212.174829959869385,59.489497532215225,35.528159025057541,-12.149379134149072
1701261212.274890422821045,62.192782177923192,35.026106290154722,-12.649910427522974
1701261212.374772548675537,61.191425957618293,36.672746552027114,-11.615115597526980
1701261212.474877119064331,60.688418148141999,37.061184850493710,-11.020023723943840
1701261212.574791193008423,60.253867972219894,36.083057048269367,-12.059327383668824
1701261212.674825668334961,58.495056800558118,38.678534644706772,-12.287048885697539
1701261212.774793863296509,57.095031376121668,38.291745964502717,-10.068750395010849
1701261212.874823570251465,59.803530460155159,36.551261920155248,-11.729802238718262
1701261212.974833965301514,59.428038814519475,36.369686416572137,-11.371476871393870
1701261213.074788093566895,57.522856922125584,37.974605951490119,-14.117849677644863
1701261213.174798488616943,60.284312911168541,39.205796227484299,-9.764146762836837
1701261213.274767875671387,60.610943328786227,36.668531693847804,-8.542984885106323
1701261213.374812126159668,58.782942352804803,36.545662471441297,-11.637694551656891
1701261213.474938631057739,60.783422520010298,34.873404664261869,-15.541813926827588
1701261213.574810028076172,59.124723184644388,35.708458430667278,-8.912056313118931
1701261213.674807071685791,59.662606282178167,36.006564664368092,-11.716945682133739
1701261213.774839878082275,57.494290740934716,36.965732999611909,-11.489108277845936
1701261213.874808788299561,58.669409853487224,37.153138446425970,-13.444632847868998
1701261213.974814653396606,59.064228196860093,35.598971124138743,-10.586967039834468
1701261214.074806451797485,61.400303506393549,36.787679094327054,-12.252961836066579
1701261214.174816131591797,59.124969675026307,37.267581857844526,-12.080703619612231
1701261214.274841070175171,59.039269026360408,36.820390963232043,-8.640460720809324
1701261214.374816656112671,61.588882067514675,34.829655382033387,-11.157675610586232
1701261214.474776268005371,58.377350061255918,37.545230515575327,-12.947651513496611
1701261214.574812889099121,59.527808454907174,36.408483454628552,-10.777300028830634
1701261214.674772977828979,60.274028494678269,37.068109280851075,-13.287818414208109
1701261214.774822711944580,57.111661959428311,34.647888132608642,-12.863583712426690
1701261214.874840974807739,63.060312914277056,33.521525243679207,-13.983825010357975
1701261214.974793672561646,58.745557975938354,35.249331882964448,-12.652847014658468
1701261215.074762105941772,57.654786050799139,35.287485531171711,-12.728072321204339
1701261215.174755334854126,61.662178893964374,37.489965314840745,-11.429196228594677
1701261215.274811744689941,59.522073407381846,37.032647292532623,-12.619456466724799
1701261215.374822378158569,60.061696679025083,36.546106872274954,-10.624841284624029
1701261215.474875450134277,58.478628092809018,35.198189710965906,-9.736531827864743
1701261215.574782133102417,58.982930874330478,37.000050899252827,-11.130523071458581
1701261215.674844026565552,60.375101176553812,36.090164686380220,-11.661483069637457
1701261215.774795770645142,60.560589159699333,35.651610062842614,-11.659619118506962
1701261215.874777555465698,63.185277026910711,32.326337912147856,-14.612382586551123
1701261215.974772691726685,58.827792071830331,33.864085057827197,-11.351343184638067
1701261216.074831008911133,61.023538691594815,37.742896610626971,-12.178106993902192
1701261216.174863100051880,61.521829983416985,33.572461317546555,-11.537574919995881
1701261216.274812221527100,60.786766651881941,35.627755981933795,-16.076901168040258
1701261216.374815464019775,61.440252737514605,35.411412027356398,-11.911585899149671
1701261216.474794149398804,60.300090313193103,35.739110799098746,-11.825149982092038
1701261216.574805498123169,60.369442621714235,35.624871841128204,-11.826411257594835
1701261216.674777984619141,60.314917538677832,36.156657644357267,-11.285968364934931
1701261216.774817705154419,62.150256518893521,37.437347189438164,-8.733357548857688
1701261216.874809980392456,60.467374007108774,36.067278025806274,-11.987771276804271
1701261216.974794387817383,60.574072876938402,35.518630379902575,-12.619333896794249
1701261217.074774265289307,58.087062388332996,37.830513156889673,-13.775229273513625
1701261217.174776315689087,60.343968698882840,36.732276074975566,-9.295274442769150
1701261217.274895191192627,58.907006292893719,36.540123160800889,-11.781221154653773
1701261217.374867677688599,58.383601696130029,34.377160468850775,-10.177063269235259
1701261217.474775314331055,63.306776751711126,36.650600302691934,-10.650957050994343
1701261217.574833393096924,59.923246334813506,37.914144693881283,-8.369837610835958
1701261217.674803733825684,59.784751805221909,35.869178721847661,-10.633672324711315
1701261217.774862289428711,61.016985979873013,37.717525992592442,-12.312035860626601
1701261217.874797821044922,59.263408758771867,36.956240886388890,-9.407733931208096
1701261217.974909305572510,59.017418030694166,34.640881101822750,-11.786389098286868
1701261218.074830055236816,58.368520729371781,35.391918807200128,-13.734844959170299
1701261218.174820661544800,60.902738501436744,39.049951647314558,-13.769855460425749
1701261218.274798154830933,59.878193583299172,31.256250327572609,-12.996664114426320
1701261218.374817609786987,60.142089460234949,35.678333543756487,-11.581961868023919
1701261218.474801778793335,59.520720642265260,35.329300747694163,-11.465051276443500
1701261218.574853181838989,60.353353296164933,32.806348879525011,-12.244839047103174
1701261218.674762010574341,62.625996064542278,37.441996453468427,-14.086570788988235
1701261218.774813890457153,60.851376109988394,35.665535752786163,-12.958440269880541
1701261218.874772548675537,59.452757340629695,35.727268956741653,-12.047034253000604
1701261218.974814414978027,59.456110155015772,36.055610623154180,-11.527621433510145
1701261219.074862241744995,58.869935332873503,35.971805664976621,-11.312114173691889
1701261219.174780845642090,61.768626074626638,36.506649086579344,-11.046286264158038
1701261219.274783372879028,58.589369065993736,34.432590982734013,-11.558897728796959
1701261219.374821662902832,57.558899766278643,38.205063265487695,-9.014145963090645
1701261219.474782466888428,61.926365114446654,35.814023396214012,-8.121489922528934
1701261219.574769735336304,60.793661085992674,36.422068946381032,-9.743778649298893
1701261219.674804210662842,61.655872975192999,38.093302788006653,-11.242606284932330
1701261219.774868488311768,59.098887957654632,36.814732284484435,-14.242365808104969
1701261219.874813795089722,57.139946457933370,34.262581366426211,-13.156861806697430
1701261219.974838495254517,56.984662230072090,33.589363139309491,-11.842401214417173
1701261220.074808835983276,63.835492169610262,41.086297912329769,-5.727830089687495
1701261220.174819231033325,58.889006059319094,35.539475260118550,-11.767224291899332
1701261220.274792194366455,60.582713683094653,35.292627889233550,-10.592607328961716
1701261220.374798536300659,58.043270104949634,35.054733365272490,-11.442050679056994
1701261220.474777936935425,60.218582726716249,36.905997018764538,-11.124724551781682
1701261220.574817180633545,59.164160508657964,37.023481542239544,-12.845532244426742
1701261220.674858808517456,57.958542610359508,33.365726483971500,-13.690461247720924
1701261220.774832725524902,60.829547642647874,35.310745137625545,-12.511542560200663
1701261220.874840736389160,58.384865277101319,32.293446159863151,-14.567274491385895
1701261220.974856138229370,62.729882016153923,31.772169276020470,-14.068656594602999
1701261221.074814081192017,63.527490699540259,36.805668223800730,-12.991288133501818
1701261221.174802541732788,57.892145772545433,34.726210600135040,-9.623656037631180
1701261221.274779319763184,58.512705161554962,36.412295019780096,-11.118381207260251
1701261221.374833345413208,59.099120938525814,35.166621930508683,-11.767867838823181
1701261221.474795103073120,64.304051428982348,38.469367969662962,-13.065129019198547
1701261221.574784517288208,58.175883339340139,36.702882395357200,-12.055904169953205
1701261221.674822330474854,58.742430278960811,34.304262036020056,-15.360918726787602
1701261221.776570796966553,57.723071526306313,35.904542938891375,-11.164865154673516
1701261221.874838113784790,59.142186526258996,36.234434376610601,-10.596651697919860
1701261221.974848031997681,58.798628775053757,34.476490241027641,-9.840231122659873
1701261222.074826478958130,58.452274345842170,36.548144611895260,-11.873228031736238
1701261222.174859523773193,58.871917279081430,38.246305033909877,-14.479822217353425
1701261222.274917364120483,57.654507573833925,35.332962237478213,-11.761896825323021
1701261222.374773979187012,60.409416104514129,36.049570503812333,-9.570659842040603
1701261222.474806547164917,58.669870621068284,36.440835221304710,-13.155235785896529
1701261222.574824810028076,58.586070664312963,36.194151284210683,-11.632450161466101
1701261222.674761056900024,59.417395396338399,36.146301958013254,-16.687724138384880
1701261222.774817466735840,62.092395717358265,24.407454921187000,-11.003220149472522
1701261222.874920129776001,59.120386955447621,35.636128805472389,-11.778015429014003
1701261222.974789619445801,58.377990834741695,36.000327580757677,-10.861324206310011
1701261223.074806213378906,61.275575041860428,34.408804847864410,-12.068187512677138
1701261223.174827814102173,58.480457066152795,34.136516260141306,-11.973411275645969
1701261223.274920940399170,59.116798213039516,34.494025594253515,-12.601150417534445
1701261223.374847412109375,59.681294613933481,38.824041286233353,-14.436659673044051
1701261223.475049495697021,56.881936893298942,41.561279694536118,-9.987920617565816
1701261223.574820280075073,66.019540184621874,33.854588816219753,-13.042380933619818
1701261223.674859046936035,58.527026466351082,36.542867922789391,-11.609233410652838
1701261223.774858951568604,58.307463807805263,37.277259030411201,-12.517999611500070
1701261223.874832153320312,58.017500130759011,37.118606439609877,-11.381054954243982
1701261223.974813699722290,58.300785643043945,35.908032116930983,-6.810765813097639
1701261224.075001478195190,58.387189730446522,32.993759732803269,-11.663549300137245
1701261224.174812078475952,58.077217853522413,36.956144993757206,-11.597071529160409
1701261224.274818658828735,51.557837128705181,40.347519171099520,-12.146000480143922
1701261224.374842643737793,58.558097780600939,36.430063977616456,-11.226319400050702
1701261224.474813938140869,59.417582302771422,36.032565324712792,-12.627023510356574
1701261224.575282573699951,57.916359258538833,36.693503107722819,-11.584898231080464
1701261224.674883604049683,55.211920913651817,35.322612146778020,-9.764378023360228
1701261224.774823904037476,58.519256066794526,37.181713960512035,-11.653932576708387
1701261224.874820232391357,58.532849549929530,36.557232488191872,-11.773513569003997
1701261224.974918842315674,59.732738943400520,36.222813616842494,-10.471128569526440
1701261225.074768543243408,59.302989290405833,39.030325515304000,-10.835811213404920
1701261225.174802541732788,58.841368989646085,35.314279609625373,-12.092010667959375
1701261225.274846076965332,58.345190959289631,37.724166126873627,-16.066398594514581
1701261225.374807119369507,59.945187820459829,39.976181621919281,-12.767690189035159
1701261225.474809408187866,59.946132239190774,34.799879587189224,-11.916179970587855
1701261225.574869632720947,59.068908893188507,38.054692619466849,-10.507959766693720
1701261225.674946784973145,63.277946670073327,32.637873679461471,-9.422409806197241
1701261225.774894237518311,59.420630419547209,37.593997426857939,-11.517248036459941
1701261225.874809265136719,54.870905394599198,36.863462315948475,-7.121088482776033
1701261225.974900245666504,59.889266485232120,36.053334667115152,-12.718668576653743
1701261226.074958562850952,59.784714826902110,35.944245330342433,-9.962380838995593
1701261226.174786806106567,61.803973656774282,38.992562313088150,-7.954570946560675
1701261226.274850845336914,57.948828027891757,37.358145091485703,-9.886941001317906
1701261226.374819517135620,61.650347488017019,36.268834595543858,-10.232651295453108
1701261226.474961519241333,56.515542284562585,40.306976794506497,-11.807432928445909
1701261226.574847221374512,58.810574237598523,38.016620548003459,-10.532547459182412
1701261226.674786329269409,57.368327003128840,32.969834044828701,-13.840748842033577
